{
  "test_mae": 0.08888506713142032,
  "test_rmse": 0.5267894246030679,
  "n_test": 298,
  "n_train": 1191,
  "n_features": 21
}