{
  "test_mae": 0.03538461538461538,
  "test_rmse": 0.2028186002697598,
  "n_test": 65,
  "n_train": 259,
  "n_features": 21
}